Keyword,Intent,Volume,Keyword Difficulty,CPC (USD),SERP Features
subasta de autos,Informational,720,26,0.05,"Sitelinks, Image, Video, Related searches, Ads bottom"
subasta de autos chile,"Informational, Commercial",720,50,0.03,"Sitelinks, Image, Video, Related searches, Ads bottom"
subasta de autos en iquique,,30,,0.04,
subasta de autos en japon,,30,,0.00,
subastas de autos en iquique,,30,,0.04,
auto de hitler subasta,,20,,0.00,
subasta de autos concepcion,,20,,0.04,
subasta de autos en eeuu,,20,,0.00,
subasta de autos en usa,,20,,0.16,
subasta de autos santiago,,20,,0.03,
subastas de autos chocados,,20,,0.00,
subastas de autos en estados unidos,,20,,0.12,
como entrar a una subasta de autos,,10,,0.00,
paginas de subastas de autos,,10,,0.00,
subasta de autos baratos,,10,,0.00,
subasta de autos de dubai,,10,,0.00,
subasta de autos en dubai,,10,,0.00,
subasta de autos en dubai online,,10,,0.00,
subasta de autos en miami,,10,,0.00,
subasta de autos santiago chile,,10,,0.02,
subastas de autos de aseguradora,,10,,0.00,
subastas de autos decomisados,,10,,0.00,
subastas de autos en argentina,,10,,0.00,
subastas de autos en linea,,10,,0.00,
subastas de autos online,,10,,0.13,
subastas de autos usados,,10,,0.05,
aduana de iquique proxima subasta de autos,,0,,0.00,
aduana de iquique subasta autos por menos de 500.000,,0,,0.00,
aduana nacional de bolivia subastas de autos 2018,,0,,0.00,
afinan detalles legales para subasta de 145 autos,,0,,0.00,
auto de juguete subastado por 100000,,0,,0.00,
autos de aseguradora df subastas,,0,,0.00,
autos en subasta de japon,,0,,0.00,
autos en subastas santiago de chile,,0,,0.00,
autos nuevos de subastas,,0,,0.00,
borgward subastas de autos aspen colorado,,0,,0.00,
casas de subasta de autos en japon,,0,,0.00,
casas de subasta de autos en japón,,0,,0.00,
cementerio de autos en dubai subasta,,0,,0.00,
como comprar autos por subasta de japon,,0,,0.00,
como crear una pagina web de subasta de autos,,0,,0.00,
como funcionan las subastas de autos en ebay,,0,,0.00,
como participar de subastas de autos,,0,,0.00,
compra y ventas de autos subastas,,0,,0.00,
copar autos de subasta,,0,,0.00,
diseño interfaz subasta de autos,,0,,0.00,
documento de un auto subastado mexico,,0,,0.00,
empresa de subastas online autos clasicos,,0,,0.00,
en una subasta de autos que significa lebantar la reserbna,,0,,0.00,
en una subasta de autos que significa lebantar la subasta,,0,,0.00,
en una subasta de autos que significa levantar la reserva,,0,,0.00,
es bueno comprar autos en subastas de dubai,,0,,0.00,
iaai subasta de autos,,0,,0.00,
letrero de subasta de autos de lujos,,0,,0.00,
mapfre subastas de autos,,0,,0.00,
mejor sitio de subastas de autos en chile,,0,,0.00,
mockup subasta de autos,,0,,0.00,
pagina de subasta de autos en estados unidos,,0,,0.00,
pagina de subastas de autos en japon,,0,,0.00,
paginas de subasta de autos en japon,,0,,0.00,
paginas de subastas de autos en argentina,,0,,0.00,
paguina de subasta de autos de lujos,,0,,0.00,
pelicula de robo en subastas de autos,,0,,0.00,
precio de subasta del auto deportivo más costoso,,0,,0.00,
pronabi subasta de autos 2019,,0,,0.00,
prototipo interfaz subasta de autos,,0,,0.00,
q subastas de autos,,0,,0.00,
ránking subastas de autos,,0,,0.00,
solicitud de decreto para subasta de auto en chile,,0,,0.00,
subasta autos de elvis presley,,0,,0.00,
subasta de auto japon,,0,,0.00,
subasta de autos 2017,,0,,0.00,
subasta de autos antiguos en paris,,0,,0.00,
subasta de autos baratos internacionales,,0,,0.00,
subasta de autos chile dubai,,0,,0.00,
subasta de autos corea del sur,,0,,0.00,
subasta de autos de lujo dubai,,0,,0.00,
subasta de autos de paul walker,,0,,0.00,
subasta de autos dubsi,,0,,0.00,
subasta de autos en canada,,0,,0.00,
subasta de autos en china,,0,,0.00,
subasta de autos en coreanos,,0,,0.00,
subasta de autos en japon a chile,,0,,0.00,
subasta de autos en japon actual,,0,,0.00,
subasta de autos en lima 2019 sat,,0,,0.00,
subasta de autos en lima 2020 sat,,0,,0.00,
subasta de autos en mund,,0,,0.00,
subasta de autos en mundo,,0,,0.00,
subasta de autos en san diego california,,0,,0.00,
subasta de autos en tacna 2018,,0,,0.00,
subasta de autos en texas usa,,0,,0.00,
subasta de autos en vivo,,0,,0.00,
subasta de autos generali panama,,0,,0.00,
subasta de autos online peru,,0,,0.00,
subasta de autos que es,,0,,0.00,
subasta de autos sat 2018,,0,,0.00,
subasta de autos siniestrados eeuu,,0,,0.00,
subasta de autos siniestrados en japon,,0,,0.00,
subasta de autos siniestrados japon,,0,,0.00,
subasta de autos taus,,0,,0.00,
subasta de autos usados alemania,,0,,0.00,
subasta de autos usados chile,,0,,0.00,
subasta de autos usados de empresas,,0,,0.00,
subasta de autos usados en chile,,0,,0.00,
subasta de autos usados en corea,,0,,0.00,
subasta de autos usados en japon,,0,,0.00,
subasta de autos usados mexico,,0,,0.00,
subasta de autos volkswagen,,0,,0.00,
subastan autos de paul walker,,0,,0.00,
subastas chile de autos,,0,,0.00,
subastas de auto en chile online,,0,,0.00,
subastas de auto en japon,,0,,0.00,
subastas de auto en japon online,,0,,0.00,
subastas de autos 2017 quilicura,,0,,0.00,
subastas de autos antiguos aspen colorado springs,,0,,0.00,
subastas de autos aspen colorado,,0,,0.00,
subastas de autos aspen colorado springs,,0,,0.00,
subastas de autos borgward,,0,,0.00,
subastas de autos concep,,0,,0.00,
subastas de autos concepcion,,0,,0.00,
subastas de autos de aseguradora qualitas,,0,,0.00,
subastas de autos de la pdi,,0,,0.00,
subastas de autos de lujo en dubai,,0,,0.00,
subastas de autos el maule,,0,,0.00,
subastas de autos en argentina 2019,,0,,0.00,
subastas de autos en japon online,,0,,0.00,
subastas de autos en neuquen 2019,,0,,0.00,
subastas de autos en orlando florida,,0,,0.00,
subastas de autos en pudahuel,,0,,0.00,
subastas de autos en recoleta,,0,,0.00,
subastas de autos en santiago de chile,,0,,0.00,
subastas de autos iquique,,0,,0.00,
subastas de autos online argentina,,0,,0.00,
subastas de autos online chile,,0,,0.00,
subastas de autos online mexico,,0,,0.00,
subastas de autos online puerto rico,,0,,0.00,
subastas de autos online usa,,0,,0.00,
subastas de autos santiago,,0,,0.00,
subastas en vivo de autos de morton subasta,,0,,0.00,
subastas municipales de autos rancagua,,0,,0.00,
subastas municipales de autos san francisco,,0,,0.00,
subastas municipales de autos san francisco chile,,0,,0.00,
subastas municipales de autos san francisco de mostazal chile,,0,,0.00,
ventas de autos subasta japon,,0,,0.00,
videos de subasta autos bmw usados alemania,,0,,0.00,
videos de subasta autos usados alemania,,0,,0.00,
videos de subasta de autos clasicos en estados unidos,,0,,0.00,
videos de subastas de autos en alemania,,0,,0.00,
videos en español de subastas de autos clasicos en usa,,0,,0.00,
www pnsd subastas de autos,,0,,0.00,
www.japan.jkp subasta de autos,,0,,0.00,
